id,type,project,pillar,title,status,category,content_length,read_time_min,platform_target,scheduled_date,published_date,tags,created_at,updated_at,slug,grant_track,body_chars
ceaa26be-3194-4d4e-9880-2e8049d8dee0,article,KOINK,Meme & Tokenomics,What the Creator Keeps,draft,,~977w,5,Paragraph.xyz,,,koink;meme-launchpad;tokenomics;fair-launch;koink-standard;community,2026-03-25,2026-03-25,,,4889
07e384b3-0dd0-4d7f-bf80-c90cec357993,article,KOINK,Meme & Tokenomics,The Block Is a Battleground,draft,,~1161w,6,Paragraph.xyz,,,mev;defi;on-chain;fair-launch;anti-extraction;web3;koink;protocol,2026-03-25,2026-03-25,,,5809
e451f538-a7ef-4ce2-99ae-074bbf1ddb02,article,KOINK,Meme & Tokenomics,The Meme Has Always Been a Mirror,draft,,~978w,5,Paragraph.xyz,,,koink;ecosystem;meme;tokenomics;web3,2026-03-19,2026-03-19,,,4893
9c46d865-cab2-4271-91ae-3f8fc88c871d,article,KOINK,Meme & Tokenomics,Chaos With Structure. Chaos That Compounds.,draft,,~869w,4,Paragraph.xyz,,,koink;meme;tokenomics;protocol,2026-03-19,2026-03-19,,,4349
a0bf8ea5-6f5b-4f0c-b4ed-7eb056cb3e4b,article,KOINK,Meme & Tokenomics,KOIN Tokenomics Paper — Economic Design & Token Model,draft,,~3014w,15,Paragraph.xyz,,,tokenomics;koin;capital;technical,2026-03-17,2026-03-27,,,15070
f794d331-f6c4-49c8-b39f-562495661438,article,KOINK,Meme & Tokenomics,KOINK Standard — Chain-Agnostic Meme Tokenomics Protocol,draft,,~4442w,22,Paragraph.xyz,,,technical;tokenomics;koink;capital,2026-03-17,2026-03-27,,,22211
62ad3203-cb9f-48f9-9500-f6b316330c6d,article,KOINK,Meme & Tokenomics,Koink.fun: The Meme Is the Trojan Horse,draft,,~1014w,5,Paragraph.xyz,,,koink;intro,2026-03-15,2026-03-27,,,5073
2bb95205-76e2-4ff7-9d40-c1346313e223,article,MY3YE,MY3YE Ecosystem,The Last Unfair Advantage,draft,,~994w,5,Paragraph.xyz,,,manifesto;solo-founder;ai;clarity;capital;opportunity;ecosystem,2026-03-27,2026-03-27,,,4973
de8b2d4b-1794-49b2-bcdd-e210d2b657f6,article,MY3YE,MY3YE Ecosystem,A Contract That Cannot Lie,draft,,~1016w,5,Paragraph.xyz,,,smart-contracts;web3;beginners;protocol;blockchain;explainer,2026-03-25,2026-03-25,,,5084
fb979e60-e798-4505-97a5-2c2421d77b4d,article,MY3YE,MY3YE Ecosystem,The Meme Is the Method,draft,,~882w,4,Paragraph.xyz,,,pipi;koink;culture;ecosystem;meme,2026-03-25,2026-03-25,,,4413
d6571c34-44c6-4f0d-b38c-17b7d79ddce0,article,MY3YE,MY3YE Ecosystem,Trust Is the Attack Surface,draft,,~1180w,6,Paragraph.xyz,,,blockchain;security;web3;protocol;architecture;smart-contracts;thought-leadership,2026-03-25,2026-03-25,,,5900
1e4021b4-5c1e-4b36-b1e8-a606646cc217,article,MY3YE,MY3YE Ecosystem,The Currency That Did Not Ask Permission,draft,,~984w,5,Paragraph.xyz,,,defi;stablecoins;remittance;financial-sovereignty;web3;real-world-impact;mission,2026-03-25,2026-03-25,,,4921
e87739bf-af67-43d8-8aa7-2962dea102d9,article,MY3YE,MY3YE Ecosystem,The Billion Missing,draft,,~826w,4,Paragraph.xyz,,,sos-systems;web3;education;mission;builders;easya,2026-03-24,2026-03-24,,,4133
fd3b2dcb-65f9-45c1-807b-3865c6fd2d96,article,MY3YE,MY3YE Ecosystem,The Frequency Is Transmitting,draft,,~1060w,5,Paragraph.xyz,,,my3ye;ecosystem;inception;paragraph;civilization,2026-03-22,2026-03-22,,,5303
34cdb76c-2f9e-4d31-b301-f7338ef1517a,article,MY3YE,MY3YE Ecosystem,What Survives the Weekend,draft,,~945w,5,Paragraph.xyz,,,builders;hackathon;otto-ai;infrastructure;mission,2026-03-21,2026-03-21,,,4726
b2e8d1fb-5fe8-4892-b662-f62a2fb49b3b,article,MY3YE,MY3YE Ecosystem,Polkadot Forum Introduction — MY3YE Ecosystem,draft,,~1217w,6,Paragraph.xyz;Polkadot Forum,,,polkadot;introduction;oneon;sos-systems;koink;pipi;w3f;forum,2026-03-20,2026-03-20,,,6087
a0ea86ca-81ee-4afa-b43e-6d4f747911b5,article,MY3YE,MY3YE Ecosystem,Polkadot BD Pitch One-Pager — MY3YE Ecosystem Partnership,draft,,~805w,4,Paragraph.xyz;Polkadot Forum,,,polkadot;bd;pitch;partnership;one-pager;ecosystem-entry,2026-03-20,2026-03-20,,,4028
dc5afcb1-f028-472f-a480-17a66883bd7c,article,MY3YE,MY3YE Ecosystem,Gitcoin GG24 Registration Content — ONEON + SOS Systems + Otto AI,draft,,~1453w,7,Paragraph.xyz;Gitcoin,,,gitcoin;gg24;grants;oneon;sos-systems;otto-ai;quadratic-funding;registration,2026-03-20,2026-03-20,,,7268
041bf951-cf97-4acb-b826-3ef9c02f1dad,article,MY3YE,MY3YE Ecosystem,The Perspicacious Pink Pepper Pig,draft,,~785w,4,Paragraph.xyz,,,pipi;narrative;mythology;PI-framework;perspicacious;pepper;koink,2026-03-20,2026-03-20,,,3928
210b4602-3ba1-4569-a4f0-e3cdb1faa388,article,MY3YE,MY3YE Ecosystem,Polkadot Forum Introduction — MY3YE Ecosystem,draft,,~924w,5,Paragraph.xyz;Polkadot Forum,,,polkadot;forum;introduction;oneon;505-systems;koink;ecosystem,2026-03-20,2026-03-20,,,4624
624b917f-4882-4376-9db3-65349892a0ef,article,MY3YE,MY3YE Ecosystem,PI Is Not One Thing,draft,,~1002w,5,Paragraph.xyz,,,pipi;mythology;symbolism;koink;PI-framework,2026-03-20,2026-03-20,,,5011
24bfbc63-2026-41a7-8537-d3df0d2edc23,article,MY3YE,MY3YE Ecosystem,PiPi: The First Meme (v2 — PI Framework),draft,,~972w,5,Paragraph.xyz,,,pipi;intro;PI-framework;mythology,2026-03-20,2026-03-20,,,4861
a9f6c3b4-377a-4ab1-b354-ea27cdd208d3,article,MY3YE,MY3YE Ecosystem,A Game Where Your Victory Does Not Require My Defeat,draft,,~892w,4,Paragraph.xyz,,,philosophy;positive-sum;ecosystem;design,2026-03-19,2026-03-19,,,4461
2d871ecf-7ef9-4b10-a3e6-1f3a42858337,article,MY3YE,MY3YE Ecosystem,The Builder at the Frontier,draft,,~948w,5,Paragraph.xyz,,,philosophy;building;frontier;technology,2026-03-19,2026-03-19,,,4743
5263d662-4fd7-472b-a294-47ae2c0bb778,article,MY3YE,MY3YE Ecosystem,The Things That End Are Teaching You Something,draft,,~947w,5,Paragraph.xyz,,,philosophy;impermanence;building;legacy,2026-03-19,2026-03-19,,,4737
e2023ad8-89fe-4a49-bbb5-c0f8aacfc44c,article,MY3YE,MY3YE Ecosystem,Power Is Not a Lake,draft,,~843w,4,Paragraph.xyz,,,philosophy;protocol;power;contribution,2026-03-19,2026-03-19,,,4218
5f08b83a-0f46-4ded-8423-ba78b8258e5a,article,MY3YE,MY3YE Ecosystem,The Machine Needs No Priest,draft,,~995w,5,Paragraph.xyz,,,ai;protocol;governance;machine,2026-03-19,2026-03-19,,,4975
af414a05-6559-4036-924c-f8ccf8d1a0d6,article,MY3YE,MY3YE Ecosystem,The Eye That Sees What Must Be Built,draft,,~1193w,6,Paragraph.xyz,,,my3ye;ecosystem;intro;manifesto,2026-03-19,2026-03-19,,,5965
f6b0e5e7-00ba-4423-9bf3-9c3fd4af5a9d,article,MY3YE,MY3YE Ecosystem,Partner Outreach Plan — Ecosystem Partners & Collaborators,draft,,~7123w,36,Paragraph.xyz,,,plan;outreach;capital;strategy,2026-03-17,2026-03-27,,,35615
bda05257-ac6b-4151-85e1-29e2124a352d,article,MY3YE,MY3YE Ecosystem,Investor Pitch Deck — MY3YE Ecosystem Capital Raise,draft,,~1961w,10,Paragraph.xyz,,,capital;investor;pitch;fundraising,2026-03-17,2026-03-27,,,9809
4a8f76c5-4c7a-4007-8dce-66a5070ca42f,article,MY3YE,MY3YE Ecosystem,Gitcoin & Optimism RPGF Grants — Application Materials,draft,,~2656w,13,Paragraph.xyz;Gitcoin,,,grant;gitcoin;optimism;capital;proposal,2026-03-17,2026-03-27,,,13284
33581bd5-9793-44fe-a060-1ac4387c1788,article,MY3YE,MY3YE Ecosystem,Capital Raise Plan — Multi-Path Funding Strategy,draft,,~2146w,11,Paragraph.xyz,,,plan;capital;fundraising;strategy,2026-03-17,2026-03-27,,,10734
7001df57-3bda-44c1-9fd6-c9db99e50c7c,article,MY3YE,MY3YE Ecosystem,Dormant Token Decay Design — Governance Weight Architecture,draft,,~3818w,19,Paragraph.xyz,,,design;tokenomics;governance;capital,2026-03-17,2026-03-27,,,19094
b863034c-1ba6-40d5-a3ab-b799f88e6852,article,MY3YE,MY3YE Ecosystem,Public Goods Narrative — MY3YE Grant Positioning,draft,,~3552w,18,Paragraph.xyz,,,narrative;grants;capital;public-goods,2026-03-17,2026-03-27,,,17763
9e40d92f-147c-4750-a341-b3ab9973b9a1,article,MY3YE,MY3YE Ecosystem,Inception Articles — Synthesis & Revision Plan v2,draft,,~55w,1,Paragraph.xyz,,,synthesis;inception-articles;revision-plan,2026-03-17,2026-03-17,,,279
fb06be27-2679-4541-b1c5-cf2ca6796379,article,MY3YE,MY3YE Ecosystem,MY3YE Paragraph Article Plan — Progressive Reveal Series,draft,,~3973w,20,Paragraph.xyz,,,plan;content;paragraph;article-plan,2026-03-17,2026-03-27,,,19869
66207348-9968-44ee-a6c6-7a75276c8eb8,article,MY3YE,MY3YE Ecosystem,LinkedIn Article Plan — Personal Progressive Reveal Series,draft,,~3703w,19,Paragraph.xyz,,,plan;content;linkedin;article-plan,2026-03-17,2026-03-27,,,18517
826695f1-f128-4aa1-8a3f-54c80510cdb4,article,MY3YE,MY3YE Ecosystem,Inception Articles — 6-Persona Review Panel,draft,,~45w,1,Paragraph.xyz,,,persona-review;inception-articles;content-audit,2026-03-17,2026-03-17,,,228
3f91edff-d4d4-43be-830a-93d86e6a5373,article,MY3YE,MY3YE Ecosystem,What Compounds in the Silence,published,,~1377w,7,Paragraph.xyz,,,web3;trends;infrastructure;defi;builders;q1-2026;intent-execution;governance,2026-03-25,2026-03-25,,,6888
474227ce-b0a1-41b8-a712-6e421a74e414,article,MY3YE,MY3YE Ecosystem,What We Are Building,published,,~1420w,7,Paragraph.xyz,,,vision;ecosystem;founding-document;what-we-are-building;manifesto,2026-03-19,2026-03-19,,,7102
eaf5395d-7e9b-4d75-ad00-8afa30bd418e,article,MY3YE,MY3YE Ecosystem,"Before the Protocol, the Proof",ready,,~725w,4,Paragraph.xyz,,,my3ye;ecosystem;inception;what-we-are;builders,2026-03-25,2026-03-25,,,3629
e5744ea3-bb99-4e7e-b1da-0b298165124b,article,ONEON,Sovereign Network,W3F Level 1 Grant Application — ONEON Sovereign Identity on Polkadot People Chain,draft,,~1830w,9,Paragraph.xyz;Polkadot Forum,,,polkadot;w3f;grant;oneon;people-chain;identity;substrate;level-1,2026-03-20,2026-03-20,,,9150
35aacd26-f736-4080-a602-7d7e1e04c5e7,article,ONEON,Sovereign Network,The Network Is Not a Service. It Is a Commons.,draft,,~929w,5,Paragraph.xyz,,,oneon;network;sovereignty;protocol,2026-03-19,2026-03-19,,,4647
e071b473-1346-4f59-b0e0-a04cc1652609,article,ONEON,Sovereign Network,Identity Is the First Layer,draft,,~1137w,6,Paragraph.xyz,,,oneon;identity;sovereignty;mesh;my3ye,2026-03-19,2026-03-19,,,5686
4dea23a6-a016-426a-900f-1fd3bca5c0c2,article,ONEON,Sovereign Network,The Network Belongs to the People on It,draft,,~1007w,5,Paragraph.xyz,,,oneon;ecosystem;network;sovereignty;protocol,2026-03-19,2026-03-19,,,5036
5d68f52c-9ed0-44cb-bc97-a2ecd64c33df,article,ONEON,Sovereign Network,The Line That Cannot Be Cut,ready,,~999w,5,Paragraph.xyz,,,oneon;mesh;communications;sovereignty;identity;intro,2026-03-25,2026-03-25,,,4999
97f3b219-d657-44c0-bcf0-03880be86eb1,article,ONEON,Sovereign Network,ONEON Network: The Sovereign Layer No One Owns,ready,,~1633w,8,Paragraph.xyz,,,oneon;ecosystem;intro,2026-03-15,2026-03-27,,,8169
bfe5167e-522b-4603-b26a-513b7cf60929,article,OTTO,Otto AI,The Machine Is Already Running,draft,,~775w,4,Paragraph.xyz,,,otto;ai;protocol;decentralized;intelligence;ecosystem;intro,2026-03-25,2026-03-25,,,3875
7b8062df-6e66-49af-a659-d022f979af07,article,OTTO_AI,Otto AI,Intelligence That Works for You,draft,,~1079w,5,Paragraph.xyz,,,otto;ai;ecosystem;intelligence;decentralized,2026-03-19,2026-03-19,,,5397
d64d67a4-aeac-40f3-8b1c-22853247cff2,article,OTTO_AI,Otto AI,Decentralized Intelligence Layer — Protocol Architecture Design,draft,,~7095w,35,Paragraph.xyz,,,architecture;design;capital;ai;technical,2026-03-17,2026-03-27,,,35479
ad2ded48-8147-469b-aaba-f5d1afccc0a5,article,OTTO_AI,Otto AI,Web3 Foundation Grant Proposal — Otto Polkadot Integration,draft,,~6750w,34,Paragraph.xyz;Polkadot Forum,,,grant;w3f;capital;proposal,2026-03-17,2026-03-27,,,33752
931a4c4a-de24-458b-9222-e832ec9ca13a,article,OTTO_AI,Otto AI,Distributed Otto Architecture — Compute Mesh & Streaming UI Design,draft,,~7945w,40,Paragraph.xyz,,,architecture;design;capital;distributed;technical,2026-03-17,2026-03-27,,,39728
7f9681d0-8e7f-4a19-a17d-6b24646ec994,article,OTTOLABS,Ottolabs Infrastructure,"First the Intelligence, Then the Iron",draft,,~821w,4,Paragraph.xyz,,,ottolabs;ai;services;webassist;hardware;intro,2026-03-25,2026-03-25,,,4106
5892656b-47b8-4735-b1e2-4796a43c3e23,article,OTTOLABS,Ottolabs Infrastructure,The Workshop Is the Revolution,draft,,~1002w,5,Paragraph.xyz,,,ottolabs;hardware;production;infrastructure,2026-03-19,2026-03-19,,,5011
d7274076-cc1a-4123-ac1e-142ae8fc32e4,article,OTTO-MARKET,Commerce,The Market That Belongs to Its Merchants,draft,,~699w,3,Paragraph.xyz,,,otto-market;commerce;decentralized;marketplace;ecosystem;intro;mission,2026-03-25,2026-03-25,,,3497
edcf8095-a00f-4ab3-b4f1-2f2e68cdf667,article,OTTO-MUSIC,Music & Culture,What the Algorithm Cannot Hear,draft,,~1054w,5,Paragraph.xyz,,,music;decentralization;culture;community;discovery,2026-03-25,2026-03-27,,,5271
5c6fd9eb-4854-4081-8c45-aac811009d8b,article,OTTO-TRAVEL,Travel & Community,The Hosts Who Govern the House,draft,,~833w,4,Paragraph.xyz,,,otto-travel;travel;community;tusita;governance;defi,2026-03-25,2026-03-25,,,4169
8495a219-494f-4fea-9a32-1d5cbbe1b4a9,article,PANIK,Panik Safety,When the Signal Is Gone,draft,,~1127w,6,Paragraph.xyz,,,panik;safety;guardian-network;505-systems;mesh;emergency;intro,2026-03-25,2026-03-25,,,5639
d6132803-511d-4b95-abc2-48ba6e720374,article,PANIK,Panik Safety,"When the Network Cuts, the Signal Remains",draft,,~852w,4,Paragraph.xyz,,,panik;ecosystem;intro;safety,2026-03-19,2026-03-19,,,4262
bc1746f7-223a-4835-8156-52e4d3593390,article,PIPI,PiPi Mascot,The Network That Has No Face,draft,,~1075w,5,Paragraph.xyz;Polkadot Forum,,,pipi;polkadot;mascot;culture;koink;multichain;article,2026-03-20,2026-03-20,,,5379
f92bf62b-d0ef-4d2d-9589-b3c9b92c7d8d,article,PIPI,PiPi Mascot,The Frequency,draft,,~905w,5,Paragraph.xyz,,,pipi;philosophy;koink,2026-03-15,2026-03-27,,,4529
929cba66-6f31-44e0-b87f-a4a45df6c2c6,article,PIPI,PiPi Mascot,Why the Pig,draft,,~956w,5,Paragraph.xyz,,,pipi;cultural;strategy,2026-03-15,2026-03-27,,,4783
5986f798-d9a6-4920-a425-eaf5bf43d5b6,article,PIPI,PiPi Mascot,The Three Lives of PiPi,draft,,~722w,4,Paragraph.xyz,,,pipi;mythology;origin,2026-03-15,2026-03-27,,,3611
088392e0-dc7f-4e75-8e59-59353e780882,article,PIPI,PiPi Mascot,PiPi: The First Meme,draft,,~886w,4,Paragraph.xyz,,,pipi;intro,2026-03-15,2026-03-27,,,4434
efb65920-4cb1-48f8-bb88-a435c3f0e8b0,article,SHAKRAH,Shakrah Wellness,What the Healer Carries,draft,,~946w,5,Paragraph.xyz,,,shakrah;wellness;practitioners;community;marketplace,2026-03-25,2026-03-25,,,4732
f8ab84ff-d2b9-4b1f-828f-09707425ec0d,article,SHAKRAH,Shakrah Wellness,What the Body Knows Before the Protocol Does,draft,,~1031w,5,Paragraph.xyz,,,shakrah;wellness;balance;community,2026-03-19,2026-03-19,,,5158
5e01b2cb-939a-420f-9487-628b67d837c2,article,SOS_SYSTEMS,Governance & SOS,The River Has No King,draft,,~1328w,7,Paragraph.xyz,,,governance;505-systems;sos-systems;manifesto;leadership;rotation;decentralization;philosophy,2026-03-27,2026-03-27,,,6640
2f9bddc5-de60-419d-b2a6-604c6415b7f5,article,SOS_SYSTEMS,Governance & SOS,505 Systems: The DAO Is Not a New Form of Corporation. It Is a New Form of Civilization.,draft,,~1695w,8,Paragraph.xyz,,,505-systems;sos-systems;governance;dpc;narrative-update;no-room,2026-03-27,2026-03-27,,,8477
1b6f0493-5024-4720-a10d-a013f83704c6,article,SOS_SYSTEMS,Governance & SOS,The Base or the Empire,draft,,~1181w,6,Paragraph.xyz,,,sos-systems;ai;infrastructure;governance;open-systems,2026-03-27,2026-03-27,,,5905
10393dcc-01b1-48fe-9916-8234f9d48722,article,SOS_SYSTEMS,Governance & SOS,Proof of Grit,draft,,~901w,5,Paragraph.xyz,,,505-systems;sos-systems;governance;dpc;dao;contribution,2026-03-25,2026-03-27,,,4509
131729c6-b7df-4fac-85db-03e2d3c4d8dc,article,SOS_SYSTEMS,Governance & SOS,The Answer Cannot Be Nobody,draft,,~1546w,8,Paragraph.xyz,,,sos-systems;505-systems;governance;dao;ecosystem;inception;solo-founder;ai-narrative,2026-03-23,2026-03-23,,,7734
5564986f-9ccf-4540-ad56-91a968173fb1,article,SOS_SYSTEMS,Governance & SOS,W3F Level 1 Grant Application — 505 Systems DPC Governance Pallet for Polkadot,draft,,~2457w,12,Paragraph.xyz;Polkadot Forum,,,polkadot;w3f;grant;505-systems;sos-systems;governance;dpc;substrate;opengov;level-1,2026-03-20,2026-03-20,,,12287
b99b2831-bcd8-4887-8be3-e0a667332d84,article,SOS_SYSTEMS,Governance & SOS,The Answer Cannot Be Nobody,draft,,~1626w,8,Paragraph.xyz,,,505-systems;governance;dao;ecosystem;inception,2026-03-19,2026-03-27,,,8134
8a2ae4bf-a253-4cfa-bdf0-fb4aa0e39e13,article,SOS_SYSTEMS,Governance & SOS,The DAO Is Not a Corporation. It Is a Constitution.,draft,,~1194w,6,Paragraph.xyz,,,sos-systems;governance;dao;protocol,2026-03-19,2026-03-19,,,5974
42a3bfae-a954-4aaf-96da-608a6502c5e8,article,SOS_SYSTEMS,Governance & SOS,SOS Systems: The Ladder Out,draft,,~857w,4,Paragraph.xyz,,,sos-systems;mission;education;refuge;dao;paragraph,2026-03-19,2026-03-19,,,4285
718002a0-0c56-47c2-a153-39b348417171,article,SOS_SYSTEMS,Governance & SOS,505 Systems: The DAO Is Not a New Form of Corporation. It Is a New Form of Civilization.,draft,,~1462w,7,Paragraph.xyz,,,sos-systems;intro,2026-03-15,2026-03-27,,,7312
3a0e28e4-e222-447e-a1ea-43c91a15b5c9,article,SOS_SYSTEMS,Governance & SOS,The Answer Cannot Be Nobody,ready,,~2014w,10,Paragraph.xyz,,,sos-systems;505-systems;governance;dao;ecosystem;inception;paragraph,2026-03-23,2026-03-27,,,10071
0f4c2724-5b68-45c7-b6ab-98066be76f92,article,TUSITA,Physical Community,The Home You Earn,draft,,~1198w,6,Paragraph.xyz,,,tusita;belonging;governance;community;civilization,2026-03-25,2026-03-25,,,5994
37b5f5f2-8868-4908-acfb-443f2e1f788c,article,TUSITA,Physical Community,A Place Built the Way the World Should Work,draft,,~1036w,5,Paragraph.xyz,,,tusita;ecosystem;community;architecture;physical,2026-03-19,2026-03-19,,,5184
2c60ca97-9546-48dc-9ade-c19dce3c4405,article,TUSITA,Physical Community,The Parallel Civilization,draft,,~1375w,7,Paragraph.xyz,,,tusita;architecture;civilization;governance;sacred-design;inception,2026-03-19,2026-03-19,,,6875
ac0e39b6-dc49-4fbd-9fb4-35ff6b60c34e,article,TUSITA,Physical Community,The Place You Can Actually Live,draft,,~996w,5,Paragraph.xyz,,,tusita;community;architecture;civilization,2026-03-19,2026-03-19,,,4981
8d15bb5a-e8ee-4008-baaf-fff232f32cd4,article,UNASSIGNED,General/Untagged,Otto Music: The Label That Belongs to the Artists,draft,,~901w,5,Paragraph.xyz,,,,2026-03-15,2026-03-15,,,4508
f513ea77-2483-4b8f-9a63-3be680ec6317,article,UNASSIGNED,General/Untagged,"Otto Devices: Hardware Built for Sovereignty, Not Surveillance",draft,,~1264w,6,Paragraph.xyz,,,,2026-03-15,2026-03-15,,,6323
15982c81-4de6-425c-b641-87903d0f8f88,article,UNASSIGNED,General/Untagged,Ottolabs: The Means of Production Belong to the Many,draft,,~1029w,5,Paragraph.xyz,,,,2026-03-15,2026-03-15,,,5149
9a7cc647-996c-421c-a466-0a5882079fa5,article,UNASSIGNED,General/Untagged,Tusita Islands & Resorts: Heaven on Earth Is Not a Metaphor,draft,,~1493w,7,Paragraph.xyz,,,tusita;ecosystem;intro,2026-03-15,2026-03-15,,,7467
b6b478a5-e502-4a4c-9eae-4241b6d46063,article,UNASSIGNED,General/Untagged,Shakrah: You Cannot Build a New World with Broken People,draft,,~1176w,6,Paragraph.xyz,,,,2026-03-15,2026-03-18,,,5883
42737aa2-eccf-40b3-9026-3d371c3fc4ce,article,WEBASSIST,WebAssist Products,The Brief Is Enough,draft,,~654w,3,Paragraph.xyz,,,webassist;ottolabs;services;small business,2026-03-25,2026-03-27,,,3270
49d89bcb-1e29-4b76-8efa-982c3804ae96,landing_copy,KOINK,Meme & Tokenomics,Koink.fun Landing Page — Content Rewrite v4.1,draft,,~1897w,9,Website,,,koink;landing-copy;rewrite;v4;review-applied,2026-03-26,2026-03-26,,,9487
601478fe-bb0a-49f8-b5d5-bcac33fb47cc,landing_copy,KOINK,Meme & Tokenomics,"PiPi Pump.fun Listing Assets — Name, Ticker, Description, Launch Tweet",draft,,~823w,4,Website,,,pipi;pumpfun;token-listing;launch;meme,2026-03-26,2026-03-26,,,4116
e215075e-d9e4-496a-86d1-be11c380ce54,landing_copy,KOINK,Meme & Tokenomics,Koink.fun Landing Page — Refreshed Copy v2,draft,,~215w,1,Website,,,koink;landing-page;copy-refresh,2026-03-22,2026-03-22,,,1076
70fbf60b-dc21-4244-9127-4e74acdb6daf,landing_copy,MY3YE,MY3YE Ecosystem,MY3YE Landing Page — Fresh Copy v2,draft,,~850w,4,Website,,,landing-page;hero;manifesto;cta;my3ye,2026-03-27,2026-03-27,,,4252
f79e2d82-6e01-4f96-94c0-fd9d37df6a8a,landing_copy,MY3YE,MY3YE Ecosystem,"The Decentralized Eye — my3ye.xyz Narrative Copy (v2, review-applied)",draft,,~1397w,7,Website,,,landing-page;decentralized-eye;narrative;hero;manifesto;homepage,2026-03-24,2026-03-24,,,6985
7d855655-9ae7-40c0-90e2-698c52940f2f,landing_copy,MY3YE,MY3YE Ecosystem,MY3YE x Polkadot — BD One-Pager,draft,,~710w,4,Website,,,polkadot;bd;one-pager;ecosystem;w3f;pitch,2026-03-20,2026-03-20,,,3554
b6a0daef-6f82-45fc-b066-b3a78cc53d3f,landing_copy,MY3YE,MY3YE Ecosystem,MY3YE Landing Page — Hero & Section Copy,draft,,~1196w,6,Website,,,landing-page;hero;my3ye;vision;ecosystem;cta,2026-03-19,2026-03-19,,,5984
628fe2b7-1443-405a-b31c-91b6fc5e15cd,landing_copy,MY3YE,MY3YE Ecosystem,MY3YE Landing Page Copy,draft,,~1227w,6,Website,,,my3ye;landing-page;copy;ecosystem,2026-03-19,2026-03-19,,,6136
72f77535-8afe-40cb-801a-da0d31628c49,note,KOINK,Meme & Tokenomics,PiPi Pump.fun Launch Kit — Token Description and Lore,draft,,~487w,,Internal/OMS,,,pipi;pump.fun;meme;token;launch;koink,2026-03-26,2026-03-26,,,2439
0a988832-f719-4dad-b8d2-fe83010cdab8,note,MY3YE,MY3YE Ecosystem,"EasyA Outreach Email v2 — Reframed (Review Feedback Applied, Placeholders Marked)",draft,,~762w,,Internal/OMS,,,easya;outreach;email;reframed,2026-03-21,2026-03-21,,,3813
8424f5a3-b661-490e-a637-a56bf5cede4e,note,SOS_SYSTEMS,Governance & SOS,Multi-Audience Review: The Answer Cannot Be Nobody (Inception Article),draft,,~693w,,Internal/OMS,,,,2026-03-23,2026-03-23,,,3468
c9142d6b-9271-4c52-9d90-ab79338aadfb,note,SOS_SYSTEMS,Governance & SOS,Cold Pitch — Friend to EasyA (get Mev a call),draft,,~204w,,Internal/OMS,,,easya;outreach;pitch;cold-pitch,2026-03-21,2026-03-21,,,1021
efdc80c7-15a9-4c5f-92e6-53ae4b6e1716,note,UNASSIGNED,General/Untagged,PiPi Pump.fun Launch Strategy,draft,,~0w,,Internal/OMS,,,pipi;pump.fun;launch-strategy;solana;meme-token,2026-03-26,2026-03-26,,,0
f8d672c3-279a-48c1-8a9d-30a0b4f11334,plan,CAPITAL,Capital & Funding,Gitcoin & Optimism RPGF — Grant Application Materials,draft,,~2656w,13,Internal/OMS,,,gitcoin;optimism;rpgf;grants;funding,2026-03-27,2026-03-27,,,13284
ea3d824a-fbc9-4e52-ab4a-63eaec8eb3b1,plan,CAPITAL,Capital & Funding,Funding Action Plan — MY3YE / Ottolabs (March 2026),ready,,~3055w,15,Internal/OMS,,,funding;capital;grants;vc;strategy,2026-03-27,2026-03-27,,,15279
10f2d39f-ccc9-47a8-ba3b-96e750f10c7b,plan,CAPITAL,Capital & Funding,Capital Strategy — MY3YE (March 2026),ready,,~4928w,25,Internal/OMS,,,capital;strategy;funding;planning,2026-03-27,2026-03-27,,,24643
144206dc-7a83-4b67-93ba-94f5b1f53341,plan,MEV,MEV,Mev Web3 Outbound Strategy — Job Search (2026-03-27),ready,,~2888w,14,Internal/OMS,,,mev;web3;job-search;outbound;strategy;engineering-lead,2026-03-27,2026-03-27,,,14443
1ad75edc-3d5d-479b-aadf-bc954c86f797,plan,MY3YE,MY3YE Ecosystem,Polkadot Social Content Stack — Full Thread and Post Library,draft,,~1377w,7,Internal/OMS,,,social;twitter;polkadot;oneon;pipi;505-systems;ecosystem;threads,2026-03-20,2026-03-20,,,6889
611df7d8-b236-44d0-badb-2aa7875ab9bd,plan,MY3YE,MY3YE Ecosystem,PiPi Social Plan — Multi-Meaning PI Narrative Update,draft,,~1095w,5,Internal/OMS,,,pipi;social-plan;PI-framework;koink;narrative,2026-03-20,2026-03-20,,,5475
d6b4e4c0-5339-483d-a67c-5208a75142fa,plan,MY3YE,MY3YE Ecosystem,Messaging Framework — Two Angles (Solo Founder + AI vs AI Empire) (2026-03-27),ready,,~2125w,11,Internal/OMS,,,messaging;framework;narrative;angles;solo-founder;ai;strategy,2026-03-27,2026-03-27,,,10626
acedf57b-f824-44b1-afa1-6ada05f8f216,plan,MY3YE,MY3YE Ecosystem,Twitter Web3 Inbound Strategy — Sharp Audience Lure (2026-03-27),ready,,~4083w,20,Internal/OMS,,,twitter;web3;inbound;strategy;content;audience;growth,2026-03-27,2026-03-27,,,20418
ddedad23-b081-4abb-9440-2eb203196752,plan,MY3YE,MY3YE Ecosystem,Twitter Threads Strategy — Web3 Angles (2026-03-27),ready,,~1421w,7,Internal/OMS,,,twitter;threads;web3;content;strategy;angles,2026-03-27,2026-03-27,,,7108
bc45b042-8eb4-4884-b17d-c27840b99671,plan,ONEON,Sovereign Network,W3F Level 1 Grant Proposal — ONEON Sovereign Identity on Polkadot,ready,,~1222w,6,Internal/OMS,,,w3f;polkadot;grant;oneon;funding,2026-03-27,2026-03-27,,,6114
e48728a6-32a8-4edc-98d2-9e17591278a2,plan,ONEON,Sovereign Network,ONEON × ENS Integration 1-Pager — Grant Application,ready,,~720w,4,Internal/OMS,,,ens;grant;oneon;funding;identity,2026-03-27,2026-03-27,,,3602
636799b9-0d06-49b0-ac18-1636f65fac0a,plan,OTTO,Otto AI,Human vs Agent Task Separation Architecture (2026-03-27),ready,,~2183w,11,Internal/OMS,,,human;agent;task;separation;architecture;oms;board,2026-03-27,2026-03-27,,,10918
05d38254-3a68-43f0-acc2-6d148b3f2e6c,plan,SOS_SYSTEMS,Governance & SOS,W3F Level 1 Grant Proposal — 505 Systems DPC Governance Pallet,draft,,~1442w,7,Internal/OMS,,,w3f;polkadot;grant;sos;governance;funding,2026-03-27,2026-03-27,,,7212
c9afffba-90f5-4a07-a71c-82ea9c7876fa,plan,SOS_SYSTEMS,Governance & SOS,Governance Document Finalization Plan (2026-03-17),ready,,~2492w,12,Internal/OMS,,,governance;finalization;plan;docs;505-systems;sos-systems,2026-03-27,2026-03-27,,,12462
12581178-674c-4fe1-96a9-787c835d6b96,plan,SOS_SYSTEMS,Governance & SOS,Open-Path Rotating Leadership Protocol (OPRLP) — Full Design,ready,,~3921w,20,Internal/OMS,,,governance;leadership;protocol;DPC;SOS_SYSTEMS;rotating,2026-03-27,2026-03-27,,,19605
fe52182b-bc06-4788-9983-20a48485377f,plan,SOS_SYSTEMS,Governance & SOS,Open-Path Rotating Leadership Architecture (2026-03-27),ready,,~5496w,27,Internal/OMS,,,governance;rotating-leadership;architecture;505-systems;sos-systems;dpc,2026-03-27,2026-03-27,,,27481
c46ce76a-e9bf-48d1-9b33-0c2b99f492b5,plan,UNASSIGNED,General/Untagged,PiPi Pump.fun Launch — Social Media Strategy (Step 0),ready_to_deploy,,~1204w,6,Internal/OMS,,,pipi;pump.fun;launch;strategy;social-calendar,2026-03-26,2026-03-26,,,6023
e69d0620-2d88-4404-94f7-9ae5270746fb,research,CAPITAL,Capital & Funding,Gitcoin GG25 Registration Guide for Mev (2026-03-27),ready,,~1955w,10,Internal/OMS,,,gitcoin;gg25;grants;registration;guide;funding,2026-03-27,2026-03-27,,,9778
8b7f67f5-fb3f-42af-832a-4cb1d09af672,research,CAPITAL,Capital & Funding,Grant Landscape Report — MY3YE Ecosystem (March 2026),ready,,~5636w,28,Internal/OMS,,,grants;research;landscape;funding;web3,2026-03-27,2026-03-27,,,28184
0b0ca9d8-f86f-4a27-8738-9cd533ece8e3,research,CAPITAL,Capital & Funding,VC & Angel Investor Research — AI Agents + Web3 (Q1-Q2 2026),ready,,~1754w,9,Internal/OMS,,,vc;investors;fundraising;capital;funding,2026-03-27,2026-03-27,,,8774
78e1a512-dffe-4b5e-9b6b-da908eb88d9b,research,CAPITAL,Capital & Funding,Token Launch Readiness Audit — MY3YE Ecosystem (2026-03-25),ready,,~2612w,13,Internal/OMS,,,token;launch;audit;readiness;capital;funding,2026-03-27,2026-03-27,,,13062
df48e01c-8e52-4024-a8d4-c6f8e32dc93a,research,CAPITAL,Capital & Funding,Trading Strategy: Path to Fundable Win Rate (2026-03-26),ready,,~2549w,13,Internal/OMS,,,trading;alpha;funding;capital;strategy,2026-03-27,2026-03-27,,,12749
2f308a33-1f7d-450c-a341-6e511e1c6bd2,research,CAPITAL,Capital & Funding,Grant Opportunities Summary — MY3YE (March 2026),ready,,~5440w,27,Internal/OMS,,,grants;opportunities;research;funding,2026-03-27,2026-03-27,,,27203
b31d4521-50ba-4212-ae58-54a792bcc790,research,KOINK,Meme & Tokenomics,Koink.fun Pre-Launch Readiness Report (2026-03-25),ready,,~833w,4,Internal/OMS,,,koink;readiness;audit;launch,2026-03-27,2026-03-27,,,4168
cb3c4d19-c36a-4e11-90d4-ee00c36b6838,research,MEV,MEV,Mev Web3 Hiring Targets — Engineering Lead Roles (2026-03-27),ready,,~3768w,19,Internal/OMS,,,mev;web3;job-search;hiring;targets;research,2026-03-27,2026-03-27,,,18843
e02751ba-cccb-4292-8891-714bd4b48545,research,MY3YE,MY3YE Ecosystem,"EasyA Ecosystem Entry Brief v3 — Reframed (Project Seeking Support, Review Feedback Applied)",draft,,~1644w,8,Internal/OMS,,,easya;outreach;pitch;ecosystem;reframed,2026-03-21,2026-03-21,,,8220
5c08c2a8-940a-4abf-a869-e2ee89c038e7,research,MY3YE,MY3YE Ecosystem,EasyA Partnership Pitch Brief — MY3YE Ecosystem,draft,,~2143w,11,Internal/OMS,,,easya;partnership;pitch;bd;hackathon;otto-ai;oneon;sos-systems;developer-education;consensus-miami,2026-03-21,2026-03-21,,,10718
5a0f1bcb-1c16-49f5-b2b1-58914e3ace7f,research,MY3YE,MY3YE Ecosystem,BD Outreach Messages — Polkadot Foundation + W3F Contacts,draft,,~1213w,6,Internal/OMS,,,polkadot;bd;outreach;w3f;business-development;email;discord,2026-03-20,2026-03-20,,,6065
6488c933-a0a5-4ff6-9507-9a87e3a5eb57,research,MY3YE,MY3YE Ecosystem,Gitcoin GG24 Registration Content — MY3YE Ecosystem (ONEON + SOS Systems + Otto AI),draft,,~1607w,8,Internal/OMS,,,gitcoin;gg24;grants;oneon;sos-systems;otto-ai;quadratic-funding;polkadot,2026-03-20,2026-03-20,,,8039
4bd6f323-2ace-4edb-99a6-4aad74da5637,research,MY3YE,MY3YE Ecosystem,Web3 Content Pipeline Audit — MY3YE Ecosystem (2026-03-25),ready,,~2212w,11,Internal/OMS,,,web3;content;audit;pipeline;MY3YE,2026-03-27,2026-03-27,,,11062
3c1ed085-7845-4068-99ad-29322587c012,research,ONEON,Sovereign Network,W3F Level 1 Grant Proposal — ONEON: Sovereign Identity on Polkadot People Chain,draft,,~1162w,6,Internal/OMS,,,polkadot;w3f;grant;oneon;identity;people-chain;level-1,2026-03-20,2026-03-20,,,5811
5e8009f4-688c-427e-950f-38adc4fec97a,research,OTTO,Otto AI,Honcho Decision Brief — WebAssist & Otto Integration,draft,,~774w,4,Internal/OMS,,,honcho;webassist;decision-brief;peer-modeling;deriver,2026-03-23,2026-03-23,,,3870
7adfb851-1da6-4d95-9e10-d3303271ec32,research,SOS_SYSTEMS,Governance & SOS,W3F Level 1 Grant Proposal — 505 Systems: Contribution-Weighted Governance Tooling for Polkadot OpenGov,draft,,~1375w,7,Internal/OMS,,,polkadot;w3f;grant;505-systems;governance;opengov;dpc;level-1,2026-03-20,2026-03-27,,,6875
90840d42-aad3-4307-837b-b88dade2cf11,roadmap,KOINK,Meme & Tokenomics,Koink / KOIN Roadmap,draft,,~940w,5,OMS;Project Site,,,,2026-03-16,2026-03-27,,,4700
326fa519-ec3c-4cd4-b15d-67498edd1b13,roadmap,MY3YE,MY3YE Ecosystem,Polkadot Ecosystem Entry — Roadmap Milestones,draft,,~762w,4,OMS;Project Site,,,polkadot;roadmap;milestones;w3f;gitcoin;oneon;sos-systems;pipi,2026-03-20,2026-03-20,,,3812
94c8c63d-41bf-4567-86ec-dfad0629b730,roadmap,MY3YE,MY3YE Ecosystem,Polkadot Ecosystem Entry Roadmap — MY3YE 2026,draft,,~1351w,7,OMS;Project Site,,,polkadot;roadmap;w3f;oneon;505-systems;koink;gitcoin;2026,2026-03-20,2026-03-20,,,6756
da42dc57-c045-49ea-a96c-18eb38f01aaf,roadmap,MY3YE,MY3YE Ecosystem,MY3YE Roadmap,draft,,~2728w,14,OMS;Project Site,,,,2026-03-16,2026-03-27,,,13640
09647942-9dac-4262-a30b-e232d905e43c,roadmap,OMS,OMS,Otto Management System Roadmap,draft,,~709w,4,OMS;Project Site,,,,2026-03-16,2026-03-27,,,3549
6c1dfe75-1d50-4b1c-8ce0-bedeaa33b542,roadmap,ONEON,Sovereign Network,ONEON Roadmap,draft,,~775w,4,OMS;Project Site,,,,2026-03-16,2026-03-27,,,3876
ffcf21cb-1aab-4985-902b-5defeaa14079,roadmap,OTTO,Otto AI,Otto AI Decentralized Intelligence Protocol Roadmap,draft,,~4279w,21,OMS;Project Site,,,,2026-03-16,2026-03-27,,,21396
ee05d9f3-f24d-4b50-8e96-6d5a18be5bcc,roadmap,OTTOLABS,Ottolabs Infrastructure,Ottolabs Roadmap,draft,,~3485w,17,OMS;Project Site,,,,2026-03-16,2026-03-27,,,17426
123fe67b-1c7c-4f94-9fb2-b1769f9cbf61,roadmap,OTTO-MARKET,Commerce,Otto Market Roadmap,draft,,~788w,4,OMS;Project Site,,,,2026-03-16,2026-03-27,,,3941
eeeb224c-0de2-4b8c-aeb7-48ce1d14ff3e,roadmap,OTTO-MUSIC,Music & Culture,Otto Music Roadmap,draft,,~833w,4,OMS;Project Site,,,,2026-03-16,2026-03-27,,,4168
80a2bda4-ceeb-41e4-952b-083be25a1efe,roadmap,OTTO-PROPERTIES,OTTO-PROPERTIES,Otto Properties Roadmap,draft,,~875w,4,OMS;Project Site,,,,2026-03-16,2026-03-27,,,4377
be63be7c-5167-46bf-8a69-40d768a2ced1,roadmap,OTTO-TRAVEL,Travel & Community,Otto Travel Roadmap,draft,,~788w,4,OMS;Project Site,,,,2026-03-16,2026-03-27,,,3940
d28b45e8-7977-4308-8111-8f1c01305705,roadmap,PANIK,Panik Safety,Panik Roadmap,draft,,~891w,4,OMS;Project Site,,,,2026-03-16,2026-03-27,,,4456
cbfb45ad-5943-4097-a8de-0ed256c01567,roadmap,PIPI,PiPi Mascot,PiPi Roadmap,draft,,~912w,5,OMS;Project Site,,,,2026-03-16,2026-03-27,,,4561
85491220-9b9f-4e39-b3bb-797f4aea10c9,roadmap,SHAKRAH,Shakrah Wellness,Shakrah Roadmap,draft,,~889w,4,OMS;Project Site,,,,2026-03-16,2026-03-27,,,4448
9d4090ea-c857-4cec-a4a1-6ac0c239a409,roadmap,SOS_SYSTEMS,Governance & SOS,S0S Systems Roadmap,draft,,~1034w,5,OMS;Project Site,,,,2026-03-16,2026-03-27,,,5172
518d24fd-c0db-4be8-bedb-ec8647e7947b,roadmap,TUSITA,Physical Community,Tusita Roadmap,draft,,~967w,5,OMS;Project Site,,,,2026-03-16,2026-03-27,,,4837
c64f4d0a-f573-49c3-899b-f3bc513ec375,roadmap,WEBASSIST,WebAssist Products,WebAssist Roadmap,draft,,~804w,4,OMS;Project Site,,,,2026-03-16,2026-03-27,,,4023
85e75c67-ee31-4b78-a24b-d0d6781dc1e8,social_post,MY3YE,MY3YE Ecosystem,Everything PiPi Builds Is Public Interest,draft,,post ~372c,,X/Twitter,,,pipi;PI-public-interest;week5;ecosystem,2026-03-20,2026-03-20,,,372
802af2a3-eccb-4482-8da2-f440ab60634c,social_post,MY3YE,MY3YE Ecosystem,A Pip Is a Seed,draft,,post ~320c,,X/Twitter,,,pipi;PIP-seed;week3;infrastructure,2026-03-20,2026-03-20,,,320
6e6d2681-fa5b-4cb1-aecf-626efb439173,social_post,MY3YE,MY3YE Ecosystem,The PI Works the Case,draft,,post ~284c,,X/Twitter,,,pipi;PI-investigator;week2,2026-03-20,2026-03-20,,,284
f895a522-050e-4790-b9dc-f0d720cbda07,social_post,MY3YE,MY3YE Ecosystem,PI Is Not One Thing (intro post),draft,,post ~312c,,X/Twitter,,,pipi;PI-framework;week1;intro,2026-03-20,2026-03-20,,,312
bd2ba83b-3013-45c1-a6b8-122258771f5d,social_post,MY3YE,MY3YE Ecosystem,PIPI Is the Echo,draft,,post ~347c,,X/Twitter,,,pipi;PIPI-echo;reef;community;week4,2026-03-20,2026-03-20,,,347
4a061d05-8eca-45a8-bbb2-2f11fbbee6e7,social_post,SOS_SYSTEMS,Governance & SOS,SOS Systems: The Ladder Out — X Thread,draft,,thread ~2738c,,X/Twitter,,,sos-systems;x-thread;mission;education;refuge,2026-03-19,2026-03-19,,,2738
d9495184-7f48-4552-84ed-5e6c38b32f9d,social_post,UNASSIGNED,General/Untagged,#43 — 90 Days Autonomous Stats,draft,,tweet ~253c,,X/Twitter,2026-04-29,,OttoAI;shipped;week7,2026-03-17,2026-03-17,,,253
f43518bf-7108-478a-bf52-3a3ef7ef9c02,social_post,UNASSIGNED,General/Untagged,#42 — Thread: Memory vs Advertising Infrastructure,draft,,tweet ~194c,,X/Twitter,2026-04-28,,MY3YE;thread;week6,2026-03-17,2026-03-17,,,194
6274b6b2-b99c-4492-b1dc-203f49609d0e,social_post,UNASSIGNED,General/Untagged,#41 — The Lore (Year by Year),draft,,tweet ~260c,,X/Twitter,2026-04-27,,MY3YE;lore;week6,2026-03-17,2026-03-17,,,260
110037d2-7997-4231-bc1d-5924c312970c,social_post,UNASSIGNED,General/Untagged,#40 — Otto Properties Reveal,draft,,tweet ~211c,,X/Twitter,2026-04-26,,OttoProperties;Tusita;week6,2026-03-17,2026-03-17,,,211
60dd113f-9a38-40de-a7f3-9e1e8d071fbf,social_post,UNASSIGNED,General/Untagged,#39 — OMS is Live,draft,,post ~304c,,X/Twitter,2026-04-25,,OttoAI;shipped;week6,2026-03-17,2026-03-17,,,304
af02467d-1912-4da8-8e9f-743ea1769d5e,social_post,UNASSIGNED,General/Untagged,#38 — Hot Take: AI for Corporations vs People,draft,,post ~296c,,X/Twitter,2026-04-24,,AI;week6,2026-03-17,2026-03-17,,,296
d559826a-cfd8-46d9-a6ac-40f6b87c00c8,social_post,UNASSIGNED,General/Untagged,#37 — Otto Market Reveal,draft,,tweet ~261c,,X/Twitter,2026-04-23,,OttoMarket;week6,2026-03-17,2026-03-17,,,261
f8778550-8c1b-47ea-93b0-1b45778fa445,social_post,UNASSIGNED,General/Untagged,#36 — Thread: ONEON vs Existing Protocols,draft,,tweet ~133c,,X/Twitter,2026-04-22,,ONEON;thread;week6,2026-03-17,2026-03-17,,,133
eb1a38da-7808-48fc-be48-75a083237ae2,social_post,UNASSIGNED,General/Untagged,#35 — Tusita as Proof of Concept,draft,,tweet ~222c,,X/Twitter,2026-04-21,,Tusita;week5,2026-03-17,2026-03-17,,,222
3ab97e91-5e47-4b71-9c32-584629278735,social_post,UNASSIGNED,General/Untagged,#34 — Otto Travel Reveal,draft,,tweet ~254c,,X/Twitter,2026-04-20,,OttoTravel;Tusita;week5,2026-03-17,2026-03-17,,,254
d20bf991-f31f-4d33-bd6a-1cc620e7f7a4,social_post,UNASSIGNED,General/Untagged,#33 — OttoSignals Telegram Live,draft,,tweet ~153c,,X/Twitter,2026-04-19,,OttoAI;shipped;week5,2026-03-17,2026-03-17,,,153
1a42db46-c3e2-43a7-93ad-16bc56626389,social_post,UNASSIGNED,General/Untagged,#32 — Hot Take: Meme Coins Are Honest,draft,,tweet ~264c,,X/Twitter,2026-04-18,,Koink;DeFi;week5,2026-03-17,2026-03-17,,,264
0afbb5be-a864-4832-bf8a-9b3daa9137a8,social_post,UNASSIGNED,General/Untagged,#31 — Koink Chain Agnostic Deep Dive,draft,,post ~286c,,X/Twitter,2026-04-17,,Koink;Web3;week5,2026-03-17,2026-03-17,,,286
a6a9958d-6f5c-4f21-8215-2acee2d44219,social_post,UNASSIGNED,General/Untagged,#30 — PiPi Mascot Reveal,draft,,tweet ~250c,,X/Twitter,2026-04-16,,PiPi;Koink;week5,2026-03-17,2026-03-17,,,250
2e1510cc-2755-4921-8333-5a888c088bab,social_post,UNASSIGNED,General/Untagged,#29 — Token Economics Reveal,draft,,post ~290c,,X/Twitter,2026-04-15,,MY3YE;tokenomics;week5,2026-03-17,2026-03-17,,,290
dc43ec4d-9812-4cc3-88ec-51c7fac6f3dc,social_post,UNASSIGNED,General/Untagged,#28 — Thread: Web3 Intelligence Gap,draft,,tweet ~134c,,X/Twitter,2026-04-14,,Web3;thread;week4,2026-03-17,2026-03-17,,,134
aa8f726e-07ed-435e-ad48-514d069b0d69,social_post,UNASSIGNED,General/Untagged,#27 — PiPi Drop,draft,,tweet ~221c,,X/Twitter,2026-04-13,,PiPi;meme;week4,2026-03-17,2026-03-17,,,221
ad21dafa-f518-4739-97f8-0574c4fd01b6,social_post,UNASSIGNED,General/Untagged,#26 — Capital Raise Update,draft,,tweet ~273c,,X/Twitter,2026-04-12,,MY3YE;week4,2026-03-17,2026-03-17,,,273
15260013-37da-4300-84c7-ebf15137e3c4,social_post,UNASSIGNED,General/Untagged,#25 — Distributed Otto Architecture,draft,,tweet ~257c,,X/Twitter,2026-04-11,,OttoAI;week4,2026-03-17,2026-03-17,,,257
96f2173f-e742-456a-89e7-2faf38066535,social_post,UNASSIGNED,General/Untagged,#24 — ONEON Layers Deep Dive,draft,,post ~323c,,X/Twitter,2026-04-10,,ONEON;week4,2026-03-17,2026-03-17,,,323
d573f887-2d65-4d5a-a4d1-c5c47ed41a6b,social_post,UNASSIGNED,General/Untagged,#23 — Hot Take: AI Assistant vs Agent,draft,,tweet ~261c,,X/Twitter,2026-04-09,,AI;week4,2026-03-17,2026-03-17,,,261
e57942e5-36b0-4f32-8092-25c26c8a9f84,social_post,UNASSIGNED,General/Untagged,#22 — Thread: Real Autonomous AI Inside,draft,,tweet ~123c,,X/Twitter,2026-04-08,,OttoAI;thread;week4,2026-03-17,2026-03-17,,,123
b9f5fd6c-35d5-4a25-9f43-c67c159299cf,social_post,UNASSIGNED,General/Untagged,#21 — SOS Systems Reveal,draft,,post ~344c,,X/Twitter,2026-04-07,,SOSSystems;week3,2026-03-17,2026-03-17,,,344
f1e344ef-dd32-4002-a447-3047052c8a33,social_post,UNASSIGNED,General/Untagged,#20 — Meme Drop: Self-Hiring AI,draft,,tweet ~222c,,X/Twitter,2026-04-06,,AI;meme;week3,2026-03-17,2026-03-17,,,222
ddefa07f-4c71-4e83-b373-83226abefe87,social_post,UNASSIGNED,General/Untagged,#19 — Builder Update: Autonomous Stats,draft,,tweet ~266c,,X/Twitter,2026-04-05,,OttoAI;shipped;week3,2026-03-17,2026-03-17,,,266
ec57dde6-6336-4dcd-a521-76cef7e951b7,social_post,UNASSIGNED,General/Untagged,#18 — Otto Music Reveal,draft,,tweet ~252c,,X/Twitter,2026-04-04,,OttoMusic;week3,2026-03-17,2026-03-17,,,252
36c6d69e-f0da-4d0d-a7a6-14c31c7ea3ac,social_post,UNASSIGNED,General/Untagged,#17 — Hot Take: Web3 Built for Traders,draft,,tweet ~243c,,X/Twitter,2026-04-03,,Web3;week3,2026-03-17,2026-03-17,,,243
1cbcd070-ef38-4c75-b820-0f0395ec9e04,social_post,UNASSIGNED,General/Untagged,#16 — Tusita Dome Architecture,draft,,post ~292c,,X/Twitter,2026-04-02,,Tusita;week3,2026-03-17,2026-03-17,,,292
118f4409-8e63-4d96-a105-1acc30d8317c,social_post,UNASSIGNED,General/Untagged,#15 — Thread: What Sovereignty Requires,draft,,tweet ~105c,,X/Twitter,2026-04-01,,MY3YE;thread;week3,2026-03-17,2026-03-17,,,105
23f6eee4-4cdb-4243-89e5-b0cc57d0999d,social_post,UNASSIGNED,General/Untagged,#14 — Week 2 Lore Drop,draft,,tweet ~220c,,X/Twitter,2026-03-31,,MY3YE;lore;week2,2026-03-17,2026-03-17,,,220
56931ec9-c957-4d3b-89ed-396073a70ca0,social_post,UNASSIGNED,General/Untagged,#13 — Shakrah Reveal,draft,,tweet ~258c,,X/Twitter,2026-03-30,,Shakrah;week2,2026-03-17,2026-03-17,,,258
64dd45a6-7930-4437-8e3d-0831d488c23d,social_post,UNASSIGNED,General/Untagged,#12 — Panik App Reveal,draft,,tweet ~222c,,X/Twitter,2026-03-29,,Panik;week2,2026-03-17,2026-03-17,,,222
5e5abdd0-23ee-441b-a164-a820bd3449be,social_post,UNASSIGNED,General/Untagged,#11 — Hot Take: 95% Speculation,draft,,tweet ~230c,,X/Twitter,2026-03-28,,Web3;week2,2026-03-17,2026-03-17,,,230
e9f244e6-352f-4e28-b017-fa0236571ff2,social_post,UNASSIGNED,General/Untagged,#10 — WebAssist is Live,draft,,tweet ~196c,,X/Twitter,2026-03-27,,WebAssist;shipped;week2,2026-03-17,2026-03-17,,,196
3ac04806-da46-4b49-b2f6-7f3e0c73c8b4,social_post,UNASSIGNED,General/Untagged,#9 — Otto AI Reveal,draft,,tweet ~245c,,X/Twitter,2026-03-26,,OttoAI;week2,2026-03-17,2026-03-17,,,245
0e3604cb-1b22-48b0-b10c-efc30098b7e1,social_post,UNASSIGNED,General/Untagged,#8 — KOINK Reveal,draft,,tweet ~260c,,X/Twitter,2026-03-25,,Koink;week2,2026-03-17,2026-03-17,,,260
0d9877ae-9cf3-4267-b83b-24550255d374,social_post,UNASSIGNED,General/Untagged,#7 — Thread: Coordination Infrastructure,draft,,tweet ~206c,,X/Twitter,2026-03-24,,MY3YE;thread;week1,2026-03-17,2026-03-17,,,206
dc644317-af8c-41f0-8ce8-567a145e1230,social_post,UNASSIGNED,General/Untagged,#6 — ONEON Reveal,draft,,tweet ~239c,,X/Twitter,2026-03-23,,ONEON;week1,2026-03-17,2026-03-17,,,239
635edb99-c026-424e-8f28-21dfd3a097e9,social_post,UNASSIGNED,General/Untagged,#5 — Builder Update: What's Live,draft,,tweet ~276c,,X/Twitter,2026-03-22,,MY3YE;shipped;week1,2026-03-17,2026-03-17,,,276
13eee4e6-b9cf-48e1-8b6a-2c89eb4f8798,social_post,UNASSIGNED,General/Untagged,#4 — TUSITA Reveal,draft,,tweet ~263c,,X/Twitter,2026-03-21,,Tusita;week1,2026-03-17,2026-03-17,,,263
41a9f2b7-4c48-4d97-bbeb-1449bc340c76,social_post,UNASSIGNED,General/Untagged,#2 — 14 Projects Teaser,draft,,tweet ~221c,,X/Twitter,2026-03-19,,MY3YE;stack;week1,2026-03-17,2026-03-17,,,221
5eff6d15-f7b8-4486-b310-40fbc2494d1f,social_post,UNASSIGNED,General/Untagged,#3 — Hot Take: Real AI Agents,draft,,tweet ~261c,,X/Twitter,2026-03-20,,AI;Otto;week1,2026-03-17,2026-03-17,,,261
cd9a6466-8884-420e-8d00-f456c47dfae6,social_post,UNASSIGNED,General/Untagged,#52 — Phase 2 Targets,draft,,tweet ~263c,,X/Twitter,2026-05-08,,MY3YE;roadmap;week8,2026-03-17,2026-03-17,,,263
b2bca3f2-bd31-43aa-8ccd-f2d12c2f13d1,social_post,UNASSIGNED,General/Untagged,#51 — The Architecture Must Enable Bottom-Up,draft,,tweet ~257c,,X/Twitter,2026-05-07,,MY3YE;week8,2026-03-17,2026-03-17,,,257
2c10e979-bfff-48a9-b3ac-3ebe5332231b,social_post,UNASSIGNED,General/Untagged,#50 — Opening the Stack,draft,,tweet ~247c,,X/Twitter,2026-05-06,,MY3YE;community;week8,2026-03-17,2026-03-17,,,247
f468837c-54cc-42aa-95c6-41bac811eed3,social_post,UNASSIGNED,General/Untagged,#49 — Thread: Obvious Infrastructure,draft,,tweet ~169c,,X/Twitter,2026-05-05,,MY3YE;thread;week7,2026-03-17,2026-03-17,,,169
96527fc9-8ba0-41f4-8d62-e301abea660d,social_post,UNASSIGNED,General/Untagged,#48 — Why Build a Civilization,draft,,tweet ~207c,,X/Twitter,2026-05-04,,MY3YE;week7,2026-03-17,2026-03-17,,,207
9fe20abf-49c4-4492-8d9b-de6c7b8b5ac9,social_post,UNASSIGNED,General/Untagged,#47 — 90-Day Shipping List,draft,,post ~285c,,X/Twitter,2026-05-03,,MY3YE;shipped;week7,2026-03-17,2026-03-17,,,285
4f816e14-b4cd-4ae5-9ee6-95e5205b7be8,social_post,UNASSIGNED,General/Untagged,#46 — Minimal Lore Drop,draft,,tweet ~54c,,X/Twitter,2026-05-02,,MY3YE;lore;week7,2026-03-17,2026-03-17,,,54
b421fc8e-5894-41f3-a999-ea3695da8c0c,social_post,UNASSIGNED,General/Untagged,#45 — Otto UI Reveal,draft,,tweet ~206c,,X/Twitter,2026-05-01,,OttoUI;week7,2026-03-17,2026-03-17,,,206
bbaabd12-e24e-48c3-8ce5-e0439f3ea47f,social_post,UNASSIGNED,General/Untagged,#44 — Hot Take: Who Does the Intelligence Work For,draft,,tweet ~276c,,X/Twitter,2026-04-30,,AI;week7,2026-03-17,2026-03-17,,,276
57536819-2e27-42b8-a494-db49715c5c02,social_post,UNASSIGNED,General/Untagged,PiPi Meme — What PiPi Thinks About Rugs,draft,,tweet ~139c,,X/Twitter,2026-04-10,,meme;anti-rug;week4;koink-standard,2026-03-16,2026-03-16,,,139
8fa3bd82-7cb5-41e0-b144-3ceeb2f5d960,social_post,UNASSIGNED,General/Untagged,PiPi Meme — Polkadot No Mascot,draft,,tweet ~217c,,X/Twitter,2026-04-03,,meme;polkadot;week3,2026-03-16,2026-03-16,,,217
7d051c2b-57c7-4f00-9b33-4f1e7c0e9a84,social_post,UNASSIGNED,General/Untagged,Koink.fun Article Drop — Announcement,draft,,tweet ~274c,,X/Twitter,2026-03-19,,launch;article-drop;week1,2026-03-16,2026-03-16,,,274
37a8d9f2-89a4-41f2-9adb-5d69b024cd95,social_post,UNASSIGNED,General/Untagged,SOS Systems — PiPi Knows About Refugees,draft,,post ~286c,,X/Twitter,2026-04-16,,sos-systems;humanitarian;week5,2026-03-16,2026-03-16,,,286
f0e8e844-38db-4af8-8244-096cb5f32d7f,social_post,UNASSIGNED,General/Untagged,PiPi and the Civilization Stack,draft,,post ~380c,,X/Twitter,2026-04-14,,my3ye;ecosystem;week5,2026-03-16,2026-03-16,,,380
ad4ae2eb-88d8-4686-b740-98e2b3597389,social_post,UNASSIGNED,General/Untagged,The $KOINK Standard — What Gets Built,draft,,post ~303c,,X/Twitter,2026-04-09,,koink-standard;week4;tokenomics,2026-03-16,2026-03-16,,,303
510373dd-9776-4315-84ac-8985c2297ed5,social_post,UNASSIGNED,General/Untagged,$KOIN — Not a Memecoin. A Standard.,draft,,tweet ~266c,,X/Twitter,2026-04-07,,koin;ecosystem-education;week4,2026-03-16,2026-03-16,,,266
caa335ef-e403-4d22-a937-4327b9d2873a,social_post,UNASSIGNED,General/Untagged,Why PiPi Chose Polkadot — Discord Deep Lore,draft,,post ~1053c,,X/Twitter,2026-04-02,,polkadot;discord;deep-lore;week3;505-systems,2026-03-16,2026-03-16,,,1053
59ddba0d-2998-44f8-8c84-5c040b480757,social_post,UNASSIGNED,General/Untagged,Polkadot Culture Gap — Farcaster Thread,draft,,post ~593c,,Farcaster,2026-04-01,,polkadot;culture-gap;farcaster;week3,2026-03-16,2026-03-16,,,593
20b35248-b1e1-440a-9c08-b4a32805da98,social_post,UNASSIGNED,General/Untagged,Every Chain Deserves a Mascot,draft,,tweet ~187c,,X/Twitter,2026-03-31,,polkadot;mascot;week3;key-post,2026-03-16,2026-03-16,,,187
dcd0d605-f993-4a8b-9a3e-a7677f1c29da,social_post,UNASSIGNED,General/Untagged,Koink.fun Multi-Chain Roadmap Preview — Telegram,draft,,tweet ~258c,,Telegram,2026-03-25,,telegram;multi-chain;week2,2026-03-16,2026-03-16,,,258
bab4cd5e-a3f0-47cd-bde0-bb1f829f07d8,social_post,UNASSIGNED,General/Untagged,What Does a Pig Know About Parachains,draft,,tweet ~203c,,X/Twitter,2026-03-26,,polkadot-hint;culture;week2,2026-03-16,2026-03-16,,,203
2145cd93-a31e-4c20-b0c6-a216ef71a40e,social_post,UNASSIGNED,General/Untagged,Every Chain Gets a PiPi,draft,,tweet ~189c,,X/Twitter,2026-03-24,,chain-agnostic;week2,2026-03-16,2026-03-16,,,189
e27e5e58-ac18-4a63-ba1f-9143a16fac1a,social_post,UNASSIGNED,General/Untagged,PiPi Lore Thread — What We're Actually Building,draft,,post ~751c,,X/Twitter,2026-03-20,,thread;lore;week1;polkadot-setup,2026-03-16,2026-03-16,,,751
ccdab660-8a93-490c-bda4-8f4430a07989,social_post,UNASSIGNED,General/Untagged,What Is Koink.fun — Telegram Intro,draft,,post ~282c,,Telegram,2026-03-18,,telegram;announcement;week1,2026-03-16,2026-03-16,,,282
dee405cc-87b5-48dd-8890-9a924fc27222,social_post,UNASSIGNED,General/Untagged,PiPi Origin — The Pig That Refused to Be a Meme,draft,,tweet ~173c,,X/Twitter,2026-03-18,,identity;week1;origin,2026-03-16,2026-03-16,,,173
cb8386b3-6676-4b5e-a957-88623fcba9b4,social_post,UNASSIGNED,General/Untagged,#1 — The Eye Opens,scheduled,,tweet ~185c,,X/Twitter,2026-03-18,,MY3YE;lore;week1,2026-03-17,2026-03-18,,,185
